{"gradients/fc3.bias": {"_type": "histogram", "values": [1.0, 0.0, 0.0, 0.0, 0.0, 0.0, 0.0, 0.0, 0.0, 1.0, 0.0, 0.0, 0.0, 0.0, 0.0, 0.0, 1.0, 0.0, 1.0, 0.0, 0.0, 0.0, 0.0, 1.0, 0.0, 1.0, 1.0, 1.0, 0.0, 0.0, 0.0, 0.0, 0.0, 0.0, 0.0, 0.0, 0.0, 0.0, 0.0, 0.0, 0.0, 0.0, 0.0, 0.0, 0.0, 0.0, 0.0, 0.0, 1.0, 0.0, 0.0, 0.0, 0.0, 0.0, 0.0, 0.0, 0.0, 0.0, 0.0, 0.0, 0.0, 0.0, 0.0, 1.0], "bins": [-0.02679726853966713, -0.02578563056886196, -0.024773992598056793, -0.023762354627251625, -0.022750716656446457, -0.02173907868564129, -0.02072744071483612, -0.0197158046066761, -0.018704164773225784, -0.017692526802420616, -0.016680888831615448, -0.01566925086081028, -0.014657612890005112, -0.013645974919199944, -0.01263433787971735, -0.011622699908912182, -0.010611062869429588, -0.00959942489862442, -0.008587786927819252, -0.007576149422675371, -0.006564511451870203, -0.005552873481065035, -0.004541235975921154, -0.003529598005115986, -0.0025179600343108177, -0.0015063221799209714, -0.0004946843255311251, 0.0005169534124433994, 0.0015285913832485676, 0.0025402293540537357, 0.0035518668591976166, 0.004563504830002785, 0.005575142800807953, 0.006586780771613121, 0.007598418742418289, 0.008610056713223457, 0.009621694684028625, 0.010633332654833794, 0.011644969694316387, 0.012656607665121555, 0.013668245635926723, 0.014679883606731892, 0.015691520646214485, 0.016703158617019653, 0.01771479658782482, 0.01872643455862999, 0.019738072529435158, 0.020749710500240326, 0.021761348471045494, 0.022772986441850662, 0.02378462441265583, 0.024796262383461, 0.025807900354266167, 0.026819538325071335, 0.027831174433231354, 0.02884281426668167, 0.02985445037484169, 0.030866088345646858, 0.031877726316452026, 0.032889362424612045, 0.03390100225806236, 0.03491263836622238, 0.0359242781996727, 0.03693591430783272, 0.037947554141283035]}, "gradients/fc3.weight": {"_type": "histogram", "values": [1.0, 0.0, 1.0, 1.0, 3.0, 1.0, 1.0, 2.0, 3.0, 1.0, 3.0, 2.0, 3.0, 9.0, 8.0, 8.0, 10.0, 9.0, 10.0, 11.0, 26.0, 26.0, 27.0, 29.0, 40.0, 46.0, 55.0, 136.0, 503.0, 103.0, 27.0, 14.0, 11.0, 8.0, 17.0, 11.0, 12.0, 6.0, 5.0, 4.0, 12.0, 10.0, 3.0, 10.0, 9.0, 6.0, 5.0, 6.0, 1.0, 5.0, 4.0, 3.0, 2.0, 0.0, 0.0, 1.0, 5.0, 1.0, 1.0, 1.0, 1.0, 0.0, 0.0, 1.0], "bins": [-0.17050576210021973, -0.16449877619743347, -0.15849179029464722, -0.15248480439186096, -0.1464778184890747, -0.14047083258628845, -0.1344638466835022, -0.12845684587955475, -0.1224498599767685, -0.11644287407398224, -0.11043588817119598, -0.10442890226840973, -0.09842190891504288, -0.09241492301225662, -0.08640793710947037, -0.08040094375610352, -0.07439396530389786, -0.0683869794011116, -0.06237998977303505, -0.056373003870248795, -0.05036601424217224, -0.044359028339385986, -0.03835204243659973, -0.03234505280852318, -0.026338066905736923, -0.02033107914030552, -0.01432409230619669, -0.00831710547208786, -0.002310117706656456, 0.003696870058774948, 0.009703855961561203, 0.015710845589637756, 0.02171783149242401, 0.027724819257855415, 0.03373180702328682, 0.039738792926073074, 0.04574578255414963, 0.05175276845693588, 0.05775975435972214, 0.06376674771308899, 0.06977373361587524, 0.0757807195186615, 0.08178770542144775, 0.08779469132423401, 0.09380168467760086, 0.09980867058038712, 0.10581565648317337, 0.11182264983654022, 0.11782962828874588, 0.12383661419153214, 0.129843607544899, 0.13585059344768524, 0.1418575793504715, 0.14786456525325775, 0.153871551156044, 0.15987853705883026, 0.16588552296161652, 0.17189250886440277, 0.17789949476718903, 0.18390648066997528, 0.18991346657276154, 0.19592046737670898, 0.20192745327949524, 0.2079344391822815, 0.21394142508506775]}, "gradients/fc1.bias": {"_type": "histogram", "values": [1.0, 1.0, 1.0, 0.0, 1.0, 0.0, 0.0, 0.0, 0.0, 1.0, 1.0, 1.0, 1.0, 3.0, 1.0, 2.0, 1.0, 0.0, 0.0, 6.0, 2.0, 3.0, 2.0, 2.0, 7.0, 2.0, 2.0, 2.0, 4.0, 8.0, 5.0, 10.0, 1.0, 5.0, 6.0, 6.0, 3.0, 1.0, 0.0, 2.0, 1.0, 1.0, 5.0, 4.0, 1.0, 0.0, 0.0, 1.0, 2.0, 3.0, 4.0, 0.0, 3.0, 1.0, 2.0, 1.0, 0.0, 1.0, 0.0, 1.0, 0.0, 0.0, 2.0, 1.0], "bins": [-0.008657237514853477, -0.008382211439311504, -0.008107184432446957, -0.007832158356904984, -0.007557131815701723, -0.007282105274498463, -0.0070070791989564896, -0.006732052657753229, -0.006457026116549969, -0.006181999575346708, -0.005906973034143448, -0.005631946958601475, -0.005356920417398214, -0.005081893876194954, -0.004806867800652981, -0.00453184125944972, -0.00425681471824646, -0.0039817881770431995, -0.0037067618686705828, -0.003431735560297966, -0.0031567090190947056, -0.002881682477891445, -0.0026066561695188284, -0.0023316298611462116, -0.002056603319942951, -0.0017815768951550126, -0.001506550470367074, -0.0012315240455791354, -0.0009564976207911968, -0.0006814711960032582, -0.00040644477121531963, -0.00013141834642738104, 0.00014360807836055756, 0.00041863450314849615, 0.0006936609279364347, 0.0009686873527243733, 0.001243713777512312, 0.0015187402023002505, 0.0017937666270881891, 0.002068792935460806, 0.0023438194766640663, 0.0026188460178673267, 0.0028938723262399435, 0.0031688986346125603, 0.0034439251758158207, 0.003718951717019081, 0.003993977792561054, 0.004269004333764315, 0.004544030874967575, 0.0048190574161708355, 0.005094083957374096, 0.005369110032916069, 0.0056441365741193295, 0.00591916311532259, 0.006194189190864563, 0.006469215732067823, 0.006744242273271084, 0.007019268814474344, 0.007294295355677605, 0.007569321431219578, 0.007844347506761551, 0.008119374513626099, 0.008394400589168072, 0.00866942759603262, 0.008944453671574593]}, "gradients/fc1.weight": {"_type": "histogram", "values": [1.0, 3.0, 0.0, 6.0, 3.0, 10.0, 9.0, 8.0, 20.0, 18.0, 16.0, 39.0, 37.0, 47.0, 70.0, 85.0, 116.0, 163.0, 218.0, 247.0, 312.0, 381.0, 512.0, 616.0, 819.0, 1061.0, 1365.0, 1709.0, 2214.0, 2879.0, 4320.0, 11554.0, 5464.0, 3386.0, 2598.0, 2033.0, 1622.0, 1331.0, 1074.0, 955.0, 697.0, 633.0, 526.0, 463.0, 347.0, 301.0, 212.0, 177.0, 115.0, 90.0, 77.0, 67.0, 39.0, 34.0, 31.0, 20.0, 15.0, 8.0, 10.0, 7.0, 4.0, 1.0, 2.0, 3.0], "bins": [-0.03802115470170975, -0.036825697869062424, -0.0356302410364151, -0.034434784203767776, -0.03323932737112045, -0.03204387053847313, -0.030848413705825806, -0.029652956873178482, -0.02845750004053116, -0.027262043207883835, -0.02606658637523651, -0.024871129542589188, -0.023675672709941864, -0.02248021587729454, -0.021284759044647217, -0.020089302211999893, -0.01889384537935257, -0.017698388546705246, -0.016502931714057922, -0.015307474881410599, -0.014112018048763275, -0.012916561216115952, -0.011721104383468628, -0.010525647550821304, -0.00933019071817398, -0.008134733885526657, -0.0069392770528793335, -0.00574382022023201, -0.004548363387584686, -0.0033529065549373627, -0.002157449722290039, -0.0009619928896427155, 0.00023346766829490662, 0.0014289245009422302, 0.002624381333589554, 0.0038198381662368774, 0.005015294998884201, 0.006210751831531525, 0.007406208664178848, 0.008601665496826172, 0.009797122329473495, 0.010992579162120819, 0.012188035994768143, 0.013383492827415466, 0.01457894966006279, 0.015774406492710114, 0.016969863325357437, 0.01816532015800476, 0.019360776990652084, 0.020556233823299408, 0.02175169065594673, 0.022947147488594055, 0.02414260432124138, 0.025338061153888702, 0.026533517986536026, 0.02772897481918335, 0.028924431651830673, 0.030119888484477997, 0.03131534531712532, 0.032510802149772644, 0.03370625898241997, 0.03490171581506729, 0.036097172647714615, 0.03729262948036194, 0.03848808631300926]}, "gradients/conv2.weight": {"_type": "histogram", "values": [1.0, 2.0, 0.0, 0.0, 1.0, 1.0, 0.0, 2.0, 0.0, 1.0, 1.0, 0.0, 1.0, 4.0, 1.0, 2.0, 1.0, 0.0, 5.0, 2.0, 2.0, 4.0, 5.0, 3.0, 9.0, 12.0, 8.0, 20.0, 17.0, 15.0, 48.0, 55.0, 91.0, 83.0, 109.0, 133.0, 170.0, 212.0, 255.0, 221.0, 181.0, 154.0, 117.0, 86.0, 89.0, 44.0, 40.0, 31.0, 18.0, 10.0, 8.0, 3.0, 7.0, 5.0, 3.0, 3.0, 1.0, 1.0, 2.0, 1.0, 2.0, 0.0, 0.0, 1.0],