{"gradients/fc3.bias": {"_type": "histogram", "values": [1.0, 0.0, 0.0, 0.0, 0.0, 0.0, 0.0, 0.0, 0.0, 0.0, 0.0, 0.0, 0.0, 0.0, 0.0, 0.0, 0.0, 0.0, 0.0, 0.0, 0.0, 0.0, 0.0, 0.0, 0.0, 0.0, 0.0, 0.0, 0.0, 1.0, 0.0, 0.0, 0.0, 0.0, 0.0, 0.0, 0.0, 0.0, 0.0, 0.0, 0.0, 0.0, 0.0, 0.0, 0.0, 0.0, 0.0, 0.0, 0.0, 0.0, 1.0, 0.0, 0.0, 2.0, 1.0, 0.0, 0.0, 0.0, 1.0, 1.0, 0.0, 1.0, 0.0, 1.0], "bins": [-0.024796731770038605, -0.024314573034644127, -0.0238324161618948, -0.02335025742650032, -0.022868100553750992, -0.022385941818356514, -0.021903783082962036, -0.021421626210212708, -0.02093946747481823, -0.020457308739423752, -0.019975151866674423, -0.019492993131279945, -0.019010836258530617, -0.01852867752313614, -0.01804652065038681, -0.017564361914992332, -0.017082205042243004, -0.016600046306848526, -0.016117889434099197, -0.01563573069870472, -0.015153572894632816, -0.014671415090560913, -0.01418925728648901, -0.013707099482417107, -0.013224940747022629, -0.012742782942950726, -0.012260625138878822, -0.011778466403484344, -0.011296308599412441, -0.010814150795340538, -0.010331992991268635, -0.009849835187196732, -0.009367676451802254, -0.00888551864773035, -0.008403360843658447, -0.00792120210826397, -0.0074390447698533535, -0.006956886500120163, -0.00647472869604826, -0.0059925708919763565, -0.005510413087904453, -0.00502825528383255, -0.0045460970140993595, -0.004063939210027456, -0.003581781405955553, -0.003099623369053006, -0.0026174653321504593, -0.002135307528078556, -0.0016531497240066528, -0.0011709918035194278, -0.0006888338248245418, -0.00020667584612965584, 0.0002754820743575692, 0.0007576399948447943, 0.0012397980317473412, 0.0017219558358192444, 0.0022041138727217913, 0.002686271909624338, 0.0031684297136962414, 0.0036505877505987883, 0.004132745787501335, 0.004614903591573238, 0.005097061395645142, 0.005579219199717045, 0.006061377469450235]}, "gradients/fc3.weight": {"_type": "histogram", "values": [1.0, 0.0, 0.0, 0.0, 0.0, 0.0, 0.0, 0.0, 0.0, 0.0, 0.0, 1.0, 1.0, 2.0, 0.0, 1.0, 3.0, 3.0, 1.0, 0.0, 2.0, 2.0, 0.0, 2.0, 1.0, 4.0, 3.0, 2.0, 6.0, 3.0, 2.0, 1.0, 4.0, 1.0, 3.0, 3.0, 8.0, 4.0, 4.0, 9.0, 6.0, 15.0, 10.0, 20.0, 22.0, 20.0, 19.0, 32.0, 49.0, 299.0, 294.0, 163.0, 68.0, 55.0, 42.0, 32.0, 16.0, 15.0, 12.0, 4.0, 4.0, 3.0, 2.0, 1.0], "bins": [-0.14586134254932404, -0.1429397016763687, -0.14001807570457458, -0.13709643483161926, -0.13417479395866394, -0.1312531679868698, -0.1283315271139145, -0.12540990114212036, -0.12248826026916504, -0.11956662684679031, -0.11664498597383499, -0.11372335255146027, -0.11080171912908554, -0.10788008570671082, -0.1049584448337555, -0.10203681141138077, -0.09911517798900604, -0.09619354456663132, -0.093271903693676, -0.09035027027130127, -0.08742863684892654, -0.08450700342655182, -0.0815853625535965, -0.07866372913122177, -0.07574208825826645, -0.07282045483589172, -0.0698988139629364, -0.06697718054056168, -0.06405554711818695, -0.06113390997052193, -0.0582122728228569, -0.05529063940048218, -0.05236900597810745, -0.04944736883044243, -0.0465257354080677, -0.04360409826040268, -0.040682464838027954, -0.03776082769036293, -0.034839190542697906, -0.03191755712032318, -0.028995921835303307, -0.026074286550283432, -0.023152651265263557, -0.020231015980243683, -0.01730937883257866, -0.014387744478881359, -0.01146610826253891, -0.008544472977519035, -0.005622837692499161, -0.0027012021746486425, 0.0002204333432018757, 0.0031420690938830376, 0.006063704378902912, 0.008985339663922787, 0.011906975880265236, 0.01482861116528511, 0.017750246450304985, 0.02067188173532486, 0.023593517020344734, 0.02651515230536461, 0.029436789453029633, 0.03235842287540436, 0.03528006002306938, 0.038201697170734406, 0.04112333059310913]}, "gradients/fc1.bias": {"_type": "histogram", "values": [2.0, 0.0, 1.0, 0.0, 1.0, 0.0, 0.0, 1.0, 3.0, 0.0, 0.0, 1.0, 1.0, 3.0, 4.0, 3.0, 2.0, 3.0, 1.0, 1.0, 4.0, 3.0, 1.0, 3.0, 0.0, 3.0, 1.0, 2.0, 1.0, 3.0, 4.0, 11.0, 4.0, 4.0, 2.0, 4.0, 6.0, 2.0, 4.0, 4.0, 1.0, 2.0, 2.0, 4.0, 3.0, 0.0, 2.0, 3.0, 0.0, 3.0, 4.0, 0.0, 4.0, 1.0, 1.0, 0.0, 1.0, 1.0, 1.0, 0.0, 0.0, 1.0, 0.0, 1.0], "bins": [-0.003734432626515627, -0.0036165721248835325, -0.003498711856082082, -0.0033808513544499874, -0.0032629910856485367, -0.0031451305840164423, -0.003027270082384348, -0.002909409813582897, -0.0027915495447814465, -0.002673689043149352, -0.0025558287743479013, -0.002437968272715807, -0.0023201080039143562, -0.002202247502282262, -0.0020843870006501675, -0.0019665267318487167, -0.0018486662302166224, -0.0017308058449998498, -0.0016129454597830772, -0.0014950849581509829, -0.0013772246893495321, -0.0012593641877174377, -0.0011415038025006652, -0.0010236434172838926, -0.0009057830320671201, -0.0007879226468503475, -0.000670062261633575, -0.0005522018182091415, -0.00043434143299236894, -0.0003164810477755964, -0.0001986206043511629, -8.076021913439035e-05, 3.71001660823822e-05, 0.00015496056585107, 0.00027282096561975777, 0.0003906813799403608, 0.0005085417651571333, 0.0006264021503739059, 0.0007442625937983394, 0.0008621229790151119, 0.0009799833642318845, 0.001097843749448657, 0.0012157041346654296, 0.0013335645198822021, 0.0014514250215142965, 0.0015692852903157473, 0.0016871457919478416, 0.0018050061771646142, 0.0019228665623813868, 0.002040727064013481, 0.002158587332814932, 0.0022764478344470263, 0.002394308103248477, 0.0025121686048805714, 0.002630028873682022, 0.0027478893753141165, 0.002865749876946211, 0.0029836103785783052, 0.003101470647379756, 0.0032193311490118504, 0.003337191417813301, 0.0034550519194453955, 0.00357291242107749, 0.0036907726898789406, 0.0038086329586803913]}, "gradients/fc1.weight": {"_type": "histogram", "values": [1.0, 0.0, 1.0, 2.0, 4.0, 2.0, 8.0, 12.0, 15.0, 17.0, 32.0, 31.0, 35.0, 64.0, 101.0, 118.0, 132.0, 205.0, 238.0, 311.0, 426.0, 501.0, 660.0, 766.0, 1047.0, 1334.0, 1603.0, 1962.0, 2591.0, 3521.0, 5173.0, 10394.0, 4716.0, 3573.0, 2681.0, 1988.0, 1408.0, 1089.0, 848.0, 678.0, 562.0, 398.0, 349.0, 270.0, 211.0, 196.0, 185.0, 155.0, 115.0, 91.0, 91.0, 73.0, 65.0, 40.0, 31.0, 30.0, 13.0, 10.0, 8.0, 7.0, 3.0, 5.0, 3.0, 1.0], "bins": [-0.016615642234683037, -0.01608440838754177, -0.015553174540400505, -0.01502194069325924, -0.014490706846117973, -0.013959472998976707, -0.013428238220512867, -0.012897004373371601, -0.012365770526230335, -0.01183453667908907, -0.011303302831947803, -0.010772068984806538, -0.010240834206342697, -0.009709600359201431, -0.009178366512060165, -0.0086471326649189, -0.008115898817777634, -0.007584664970636368, -0.007053431123495102, -0.006522196810692549, -0.005990962963551283, -0.005459729116410017, -0.004928494803607464, -0.004397260956466198, -0.003866027109324932, -0.0033347932621836662, -0.0028035591822117567, -0.002272325102239847, -0.0017410912550985813, -0.0012098574079573154, -0.0006786233279854059, -0.0001473892480134964, 0.00038384459912776947, 0.0009150785626843572, 0.0014463125262409449, 0.0019775466062128544, 0.0025087804533541203, 0.003040014300495386, 0.0035712483804672956, 0.004102482460439205, 0.004633716307580471, 0.005164950154721737, 0.005696184001863003, 0.006227418314665556, 0.006758652161806822, 0.007289886008948088, 0.007821120321750641, 0.008352354168891907, 0.008883588016033173, 0.009414821863174438, 0.009946055710315704, 0.01047728955745697, 0.011008523404598236, 0.011539757251739502, 0.012070992030203342, 0.012602225877344608, 0.013133459724485874, 0.01366469357162714, 0.014195927418768406, 0.014727161265909672, 0.015258396044373512, 0.015789629891514778, 0.016320863738656044, 0.01685209758579731, 0.017383331432938576]}, "gradients/conv2.weight": {"_type": "histogram", "values": [3.0, 0.0, 0.0, 0.0, 1.0, 1.0, 1.0, 1.0, 0.0, 2.0, 4.0, 2.0, 7.0, 14.0, 9.0, 21.0, 18.0, 22.0, 25.0, 33.0, 28.0, 47.0, 50.0, 43.0, 53.0, 65.0, 61.0, 79.0, 87.0, 103.0, 113.0, 155.0, 169.0, 147.0, 133.0, 131.0, 117.0, 103.0, 94.0, 66.0, 54.0, 39.0, 47.0, 32.0, 29.0, 15.0, 14.0, 14.0, 9.0, 10.0, 6.0, 5.0, 5.0, 3.0, 3.0, 3.0, 0.0, 1.0, 1.0, 3.0, 0.0, 0.0, 1.0, 2.0],