{"gradients/fc3.bias": {"_type": "histogram", "values": [1.0, 0.0, 0.0, 0.0, 0.0, 0.0, 0.0, 0.0, 0.0, 0.0, 0.0, 0.0, 0.0, 0.0, 0.0, 0.0, 0.0, 0.0, 0.0, 0.0, 0.0, 1.0, 0.0, 0.0, 0.0, 0.0, 0.0, 0.0, 0.0, 0.0, 0.0, 0.0, 0.0, 1.0, 1.0, 0.0, 0.0, 0.0, 0.0, 0.0, 1.0, 0.0, 0.0, 0.0, 0.0, 0.0, 0.0, 0.0, 0.0, 0.0, 1.0, 2.0, 0.0, 0.0, 0.0, 0.0, 1.0, 0.0, 0.0, 0.0, 0.0, 0.0, 0.0, 1.0], "bins": [-0.026435771957039833, -0.02570890635251999, -0.024982040748000145, -0.0242551751434803, -0.023528309538960457, -0.022801443934440613, -0.02207457646727562, -0.021347712725400925, -0.02062084525823593, -0.019893979653716087, -0.019167114049196243, -0.0184402484446764, -0.017713382840156555, -0.01698651723563671, -0.016259651631116867, -0.015532785095274448, -0.014805920422077179, -0.014079054817557335, -0.01335218921303749, -0.012625323608517647, -0.011898458003997803, -0.011171592399477959, -0.01044472586363554, -0.009717860259115696, -0.008990994654595852, -0.008264129050076008, -0.007537263445556164, -0.006810397375375032, -0.006083531770855188, -0.005356666166335344, -0.004629800096154213, -0.003902934491634369, -0.003176070749759674, -0.00244920514523983, -0.0017223393078893423, -0.0009954734705388546, -0.00026860786601901054, 0.0004582577385008335, 0.0011851238086819649, 0.001911989413201809, 0.002638855017721653, 0.003365720622241497, 0.004092586226761341, 0.0048194522969424725, 0.0055463179014623165, 0.006273183505982161, 0.007000049576163292, 0.007726915180683136, 0.00845378078520298, 0.009180646389722824, 0.009907511994242668, 0.010634377598762512, 0.011361243203282356, 0.0120881088078022, 0.012814975343644619, 0.013541840948164463, 0.014268706552684307, 0.014995572157204151, 0.01572243869304657, 0.016449304297566414, 0.017176169902086258, 0.017903035506606102, 0.018629901111125946, 0.01935676671564579, 0.020083632320165634]}, "gradients/fc3.weight": {"_type": "histogram", "values": [1.0, 0.0, 2.0, 0.0, 3.0, 1.0, 0.0, 2.0, 1.0, 1.0, 0.0, 1.0, 0.0, 2.0, 1.0, 0.0, 2.0, 4.0, 0.0, 3.0, 7.0, 5.0, 2.0, 5.0, 6.0, 7.0, 9.0, 8.0, 8.0, 22.0, 11.0, 29.0, 30.0, 51.0, 73.0, 291.0, 192.0, 115.0, 71.0, 45.0, 44.0, 27.0, 26.0, 37.0, 17.0, 15.0, 17.0, 8.0, 14.0, 17.0, 11.0, 10.0, 6.0, 6.0, 4.0, 2.0, 2.0, 3.0, 1.0, 1.0, 0.0, 0.0, 0.0, 1.0], "bins": [-0.1592017263174057, -0.15475520491600037, -0.15030868351459503, -0.1458621621131897, -0.14141564071178436, -0.13696911931037903, -0.1325226128101349, -0.12807609140872955, -0.12362957000732422, -0.11918304860591888, -0.11473652720451355, -0.11029000580310822, -0.10584349185228348, -0.10139697045087814, -0.09695044904947281, -0.09250392764806747, -0.08805740624666214, -0.0836108848452568, -0.07916436344385147, -0.07471784949302673, -0.0702713280916214, -0.06582480669021606, -0.06137828528881073, -0.056931763887405396, -0.05248524621129036, -0.048038724809885025, -0.04359220713376999, -0.039145685732364655, -0.03469916433095932, -0.030252646654844284, -0.02580612525343895, -0.021359605714678764, -0.01691308617591858, -0.012466566637158394, -0.008020046167075634, -0.003573525696992874, 0.0008729938417673111, 0.005319513380527496, 0.00976603478193283, 0.014212554320693016, 0.0186590738594532, 0.023105593398213387, 0.027552112936973572, 0.031998634338378906, 0.03644515573978424, 0.04089167341589928, 0.04533819481730461, 0.04978471249341965, 0.05423123389482498, 0.058677755296230316, 0.06312427669763565, 0.06757079064846039, 0.07201731204986572, 0.07646383345127106, 0.08091035485267639, 0.08535687625408173, 0.08980339765548706, 0.0942499190568924, 0.09869644045829773, 0.10314296185970306, 0.1075894758105278, 0.11203599721193314, 0.11648251861333847, 0.1209290400147438, 0.12537555396556854]}, "gradients/fc1.bias": {"_type": "histogram", "values": [1.0, 0.0, 0.0, 0.0, 0.0, 0.0, 2.0, 4.0, 0.0, 1.0, 2.0, 3.0, 3.0, 4.0, 1.0, 0.0, 2.0, 2.0, 4.0, 1.0, 0.0, 3.0, 2.0, 2.0, 4.0, 3.0, 4.0, 4.0, 5.0, 4.0, 10.0, 6.0, 1.0, 2.0, 2.0, 2.0, 3.0, 4.0, 3.0, 1.0, 1.0, 3.0, 3.0, 3.0, 2.0, 1.0, 2.0, 3.0, 3.0, 3.0, 1.0, 1.0, 2.0, 0.0, 0.0, 0.0, 1.0, 0.0, 1.0, 1.0, 0.0, 1.0, 0.0, 1.0], "bins": [-0.005100912414491177, -0.004933024290949106, -0.004765136167407036, -0.0045972480438649654, -0.004429359920322895, -0.004261471331119537, -0.004093583673238754, -0.003925695084035397, -0.003757806960493326, -0.003589918836951256, -0.0034220307134091854, -0.003254142589867115, -0.003086254233494401, -0.0029183661099523306, -0.00275047798641026, -0.002582589630037546, -0.0024147017393261194, -0.002246813615784049, -0.0020789254922419786, -0.0019110372522845864, -0.0017431490123271942, -0.0015752608887851238, -0.0014073727652430534, -0.0012394845252856612, -0.0010715964017435908, -0.0009037082199938595, -0.0007358200382441282, -0.0005679319147020578, -0.00040004373295232654, -0.00023215555120259523, -6.426742766052485e-05, 0.00010362081229686737, 0.00027150893583893776, 0.00043939711758866906, 0.0006072852993384004, 0.0007751734228804708, 0.0009430616046302021, 0.0011109497863799334, 0.0012788379099220037, 0.001446726149879396, 0.0016146142734214664, 0.0017825023969635367, 0.001950390636920929, 0.0021182787604629993, 0.0022861668840050697, 0.00245405500754714, 0.0026219431310892105, 0.0027898314874619246, 0.002957719611003995, 0.0031256077345460653, 0.0032934958580881357, 0.0034613842144608498, 0.00362927233800292, 0.0037971604615449905, 0.003965048585087061, 0.004132936708629131, 0.004300824832171202, 0.004468712955713272, 0.0046366010792553425, 0.004804489202797413, 0.004972377326339483, 0.005140265449881554, 0.005308154039084911, 0.005476042162626982, 0.005643930286169052]}, "gradients/fc1.weight": {"_type": "histogram", "values": [3.0, 1.0, 9.0, 3.0, 8.0, 9.0, 9.0, 10.0, 12.0, 15.0, 24.0, 14.0, 24.0, 31.0, 29.0, 42.0, 57.0, 108.0, 100.0, 132.0, 201.0, 288.0, 322.0, 501.0, 665.0, 943.0, 1251.0, 1567.0, 2002.0, 2546.0, 3036.0, 3661.0, 4524.0, 8574.0, 3927.0, 3342.0, 2879.0, 2377.0, 1941.0, 1475.0, 1133.0, 883.0, 606.0, 457.0, 348.0, 270.0, 191.0, 150.0, 113.0, 90.0, 50.0, 42.0, 47.0, 29.0, 34.0, 20.0, 18.0, 17.0, 14.0, 9.0, 7.0, 5.0, 0.0, 5.0], "bins": [-0.027965348213911057, -0.02712475135922432, -0.026284152641892433, -0.025443555787205696, -0.02460295706987381, -0.023762360215187073, -0.022921763360500336, -0.02208116464316845, -0.021240565925836563, -0.020399969071149826, -0.01955937035381794, -0.018718773499131203, -0.017878174781799316, -0.01703757792711258, -0.016196981072425842, -0.015356382355093956, -0.014515785500407219, -0.013675187714397907, -0.012834589928388596, -0.011993993073701859, -0.011153394356369972, -0.010312797501683235, -0.009472199715673923, -0.008631601929664612, -0.0077910041436553, -0.0069504063576459885, -0.006109808571636677, -0.005269211251288652, -0.004428613465279341, -0.003588015679270029, -0.0027474183589220047, -0.001906820572912693, -0.0010662246495485306, -0.00022562697995454073, 0.0006149706896394491, 0.0014555682428181171, 0.002296166028827429, 0.0031367638148367405, 0.003977361135184765, 0.0048179589211940765, 0.005658556707203388, 0.0064991544932127, 0.0073397522792220116, 0.008180350065231323, 0.00902094691991806, 0.009861545637249947, 0.010702142491936684, 0.011542740277945995, 0.012383338063955307, 0.013223935849964619, 0.01406453363597393, 0.014905130490660667, 0.015745729207992554, 0.01658632606267929, 0.017426922917366028, 0.018267521634697914, 0.0191081203520298, 0.019948717206716537, 0.020789315924048424, 0.02162991277873516, 0.022470511496067047, 0.023311108350753784, 0.02415170520544052, 0.024992303922772408, 0.025832900777459145]}, "gradients/conv2.weight": {"_type": "histogram", "values": [1.0, 1.0, 0.0, 6.0, 4.0, 3.0, 4.0, 0.0, 7.0, 2.0, 4.0, 1.0, 3.0, 4.0, 4.0, 2.0, 3.0, 6.0, 5.0, 3.0, 6.0, 6.0, 11.0, 17.0, 9.0, 10.0, 16.0, 16.0, 17.0, 29.0, 26.0, 24.0, 38.0, 41.0, 49.0, 54.0, 67.0, 73.0, 98.0, 120.0, 124.0, 128.0, 160.0, 156.0, 134.0, 147.0, 127.0, 126.0, 81.0, 80.0, 59.0, 56.0, 30.0, 31.0, 24.0, 16.0, 6.0, 10.0, 1.0, 7.0, 0.0, 6.0, 2.0, 3.0],