{"gradients/fc3.bias": {"_type": "histogram", "values": [1.0, 0.0, 1.0, 0.0, 0.0, 0.0, 0.0, 0.0, 0.0, 0.0, 0.0, 0.0, 0.0, 0.0, 0.0, 0.0, 0.0, 1.0, 0.0, 0.0, 1.0, 0.0, 0.0, 0.0, 1.0, 1.0, 0.0, 0.0, 0.0, 0.0, 0.0, 0.0, 0.0, 0.0, 0.0, 0.0, 1.0, 0.0, 0.0, 1.0, 0.0, 0.0, 0.0, 0.0, 0.0, 0.0, 0.0, 0.0, 0.0, 0.0, 0.0, 0.0, 0.0, 0.0, 0.0, 0.0, 0.0, 0.0, 0.0, 0.0, 0.0, 0.0, 1.0, 1.0], "bins": [-0.007126319222152233, -0.006843580864369869, -0.006560842506587505, -0.0062781041488051414, -0.0059953657910227776, -0.005712627433240414, -0.005429889541119337, -0.005147151183336973, -0.004864412825554609, -0.004581674467772245, -0.0042989361099898815, -0.004016197752207518, -0.0037334596272557974, -0.0034507212694734335, -0.0031679831445217133, -0.0028852447867393494, -0.0026025064289569855, -0.0023197680711746216, -0.0020370297133922577, -0.0017542915884405375, -0.0014715532306581736, -0.0011888148728758097, -0.0009060766315087676, -0.0006233383901417255, -0.00034060003235936165, -5.786173278465867e-05, 0.0002248765667900443, 0.0005076148663647473, 0.0007903531659394503, 0.0010730915237218142, 0.0013558297650888562, 0.0016385680064558983, 0.0019213063642382622, 0.002204044722020626, 0.00248678307980299, 0.00276952120475471, 0.003052259562537074, 0.003334997920319438, 0.0036177360452711582, 0.003900474403053522, 0.004183212760835886, 0.00446595111861825, 0.004748689476400614, 0.005031427834182978, 0.005314165726304054, 0.005596904084086418, 0.005879642441868782, 0.006162380799651146, 0.00644511915743351, 0.006727857515215874, 0.007010595872998238, 0.0072933342307806015, 0.007576072588562965, 0.00785881094634533, 0.008141549304127693, 0.008424287661910057, 0.008707026019692421, 0.008989764377474785, 0.009272502735257149, 0.009555241093039513, 0.009837979450821877, 0.01012071780860424, 0.010403456166386604, 0.010686194524168968, 0.010968931950628757]}, "gradients/fc3.weight": {"_type": "histogram", "values": [1.0, 1.0, 0.0, 1.0, 0.0, 1.0, 1.0, 3.0, 1.0, 2.0, 2.0, 0.0, 7.0, 7.0, 8.0, 9.0, 9.0, 9.0, 16.0, 17.0, 12.0, 18.0, 23.0, 37.0, 45.0, 35.0, 47.0, 63.0, 177.0, 283.0, 54.0, 39.0, 42.0, 34.0, 29.0, 39.0, 23.0, 28.0, 30.0, 17.0, 22.0, 14.0, 10.0, 14.0, 2.0, 4.0, 6.0, 8.0, 7.0, 3.0, 3.0, 4.0, 2.0, 1.0, 0.0, 3.0, 0.0, 1.0, 1.0, 1.0, 1.0, 1.0, 0.0, 2.0], "bins": [-0.04328862577676773, -0.041798923164606094, -0.04030922055244446, -0.03881951794028282, -0.037329815328121185, -0.03584011271595955, -0.03435041010379791, -0.03286070376634598, -0.03137100487947464, -0.029881302267313004, -0.028391599655151367, -0.02690189704298973, -0.025412194430828094, -0.023922491818666458, -0.022432787343859673, -0.020943084731698036, -0.01945338025689125, -0.017963677644729614, -0.016473975032567978, -0.014984271489083767, -0.01349456887692213, -0.012004866264760494, -0.010515162721276283, -0.009025460109114647, -0.0075357574969530106, -0.006046054884791374, -0.0045563518069684505, -0.003066648729145527, -0.0015769461169838905, -8.724350482225418e-05, 0.0014024600386619568, 0.002892162650823593, 0.004381861537694931, 0.005871564149856567, 0.007361267227679491, 0.008850970305502415, 0.010340672917664051, 0.011830375529825687, 0.013320079073309898, 0.014809781685471535, 0.01629948429763317, 0.017789186909794807, 0.019278889521956444, 0.02076859399676323, 0.022258296608924866, 0.023747999221086502, 0.02523770183324814, 0.026727404445409775, 0.02821710705757141, 0.029706809669733047, 0.031196512281894684, 0.03268621489405632, 0.03417591750621796, 0.03566562011837959, 0.03715532273054123, 0.038645029067993164, 0.0401347279548645, 0.04162443056702614, 0.043114133179187775, 0.04460383579134941, 0.04609353840351105, 0.047583241015672684, 0.04907294362783432, 0.050562649965286255, 0.05205235257744789]}, "gradients/fc1.bias": {"_type": "histogram", "values": [2.0, 0.0, 0.0, 1.0, 0.0, 0.0, 0.0, 0.0, 1.0, 1.0, 2.0, 2.0, 2.0, 2.0, 1.0, 2.0, 0.0, 0.0, 2.0, 1.0, 2.0, 7.0, 0.0, 2.0, 2.0, 5.0, 3.0, 5.0, 2.0, 3.0, 4.0, 5.0, 2.0, 2.0, 8.0, 4.0, 5.0, 2.0, 2.0, 2.0, 1.0, 4.0, 4.0, 2.0, 2.0, 5.0, 3.0, 3.0, 0.0, 1.0, 3.0, 2.0, 1.0, 2.0, 1.0, 2.0, 0.0, 0.0, 1.0, 1.0, 1.0, 2.0, 0.0, 1.0], "bins": [-0.0029838283080607653, -0.0028972772415727377, -0.00281072617508471, -0.0027241751085966825, -0.0026376242749392986, -0.002551073208451271, -0.0024645221419632435, -0.002377971075475216, -0.0022914200089871883, -0.0022048689424991608, -0.002118317876011133, -0.0020317668095231056, -0.0019452158594503999, -0.0018586647929623723, -0.0017721138428896666, -0.001685562776401639, -0.0015990117099136114, -0.0015124606434255838, -0.0014259095769375563, -0.0013393586268648505, -0.001252807560376823, -0.0011662564938887954, -0.0010797055438160896, -0.000993154477328062, -0.0009066034108400345, -0.0008200523443520069, -0.0007335013360716403, -0.0006469503277912736, -0.000560399261303246, -0.0004738482239190489, -0.0003872971865348518, -0.00030074617825448513, -0.0002141948789358139, -0.0001276438415516168, -4.109280416741967e-05, 4.5458233216777444e-05, 0.00013200927060097456, 0.00021856030798517168, 0.0003051113453693688, 0.00039166235364973545, 0.000478213420137763, 0.0005647644866257906, 0.0006513154949061573, 0.0007378665031865239, 0.0008244175696745515, 0.0009109686361625791, 0.0009975195862352848, 0.0010840706527233124, 0.00117062171921134, 0.0012571727856993675, 0.001343723852187395, 0.0014302748022601008, 0.0015168258687481284, 0.001603376935236156, 0.0016899278853088617, 0.0017764789517968893, 0.0018630300182849169, 0.0019495810847729445, 0.002036132151260972, 0.0021226832177489996, 0.0022092340514063835, 0.002295785117894411, 0.0023823361843824387, 0.0024688872508704662, 0.002555438317358494]}, "gradients/fc1.weight": {"_type": "histogram", "values": [1.0, 1.0, 1.0, 1.0, 2.0, 1.0, 4.0, 3.0, 7.0, 15.0, 27.0, 29.0, 41.0, 36.0, 51.0, 85.0, 109.0, 176.0, 186.0, 278.0, 338.0, 406.0, 537.0, 650.0, 860.0, 1171.0, 1492.0, 1824.0, 2593.0, 3478.0, 4843.0, 10200.0, 5862.0, 4040.0, 2887.0, 2199.0, 1616.0, 1193.0, 923.0, 756.0, 534.0, 419.0, 328.0, 269.0, 190.0, 159.0, 121.0, 79.0, 62.0, 31.0, 30.0, 16.0, 11.0, 10.0, 10.0, 4.0, 2.0, 1.0, 1.0, 0.0, 0.0, 0.0, 0.0, 1.0], "bins": [-0.011735944077372551, -0.0113672511652112, -0.010998559184372425, -0.010629866272211075, -0.0102611742913723, -0.009892481379210949, -0.009523788467049599, -0.009155096486210823, -0.008786403574049473, -0.008417710661888123, -0.008049018681049347, -0.007680325768887997, -0.007311633322387934, -0.006942940875887871, -0.0065742479637265205, -0.006205555517226458, -0.005836863070726395, -0.005468170624226332, -0.005099478177726269, -0.0047307852655649185, -0.004362092819064856, -0.003993400372564793, -0.003624707693234086, -0.0032560150139033794, -0.0028873225674033165, -0.0025186301209032536, -0.002149937441572547, -0.0017812448786571622, -0.0014125523157417774, -0.0010438597528263927, -0.0006751671899110079, -0.0003064745105803013, 6.221700459718704e-05, 0.0004309095675125718, 0.0007996021304279566, 0.0011682946933433414, 0.0015369872562587261, 0.0019056798191741109, 0.0022743723820894957, 0.0026430650614202023, 0.003011757507920265, 0.003380449954420328, 0.0037491426337510347, 0.004117835313081741, 0.004486527759581804, 0.004855220206081867, 0.0052239131182432175, 0.00559260556474328, 0.005961298011243343, 0.006329990457743406, 0.006698682904243469, 0.0070673758164048195, 0.007436068262904882, 0.007804760709404945, 0.008173453621566296, 0.008542146533727646, 0.008910838514566422, 0.009279531426727772, 0.009648223407566547, 0.010016916319727898, 0.010385608300566673, 0.010754301212728024, 0.011122994124889374, 0.01149168610572815, 0.0118603790178895]}, "gradients/conv2.weight": {"_type": "histogram",