{"gradients/fc3.bias": {"_type": "histogram", "values": [1.0, 0.0, 0.0, 0.0, 0.0, 0.0, 0.0, 0.0, 0.0, 0.0, 0.0, 0.0, 0.0, 0.0, 0.0, 0.0, 0.0, 0.0, 0.0, 0.0, 0.0, 0.0, 0.0, 0.0, 0.0, 0.0, 0.0, 0.0, 0.0, 0.0, 0.0, 0.0, 4.0, 3.0, 0.0, 0.0, 1.0, 0.0, 0.0, 0.0, 0.0, 0.0, 0.0, 0.0, 0.0, 0.0, 0.0, 0.0, 0.0, 0.0, 0.0, 0.0, 0.0, 0.0, 0.0, 0.0, 0.0, 0.0, 0.0, 0.0, 0.0, 0.0, 0.0, 1.0], "bins": [-0.016745084896683693, -0.016242412850260735, -0.015739738941192627, -0.015237066894769669, -0.014734393917024136, -0.014231720939278603, -0.013729048892855644, -0.013226375915110111, -0.012723702937364578, -0.012221029959619045, -0.011718357913196087, -0.011215684935450554, -0.010713011957705021, -0.010210338979959488, -0.00970766693353653, -0.009204993955790997, -0.008702321909368038, -0.008199648931622505, -0.0076969764195382595, -0.007194303907454014, -0.006691630929708481, -0.006188958417624235, -0.0056862859055399895, -0.0051836129277944565, -0.004680940415710211, -0.004178267903625965, -0.003675594925880432, -0.0031729224137961864, -0.002670249668881297, -0.0021675769239664078, -0.001664904411882162, -0.0011622316669672728, -0.0006595579907298088, -0.00015688530402258039, 0.00034578738268464804, 0.0008484600111842155, 0.0013511327560991049, 0.0018538055010139942, 0.00235647801309824, 0.0028591507580131292, 0.0033618235029280186, 0.003864496247842908, 0.004367168992757797, 0.004869841504842043, 0.005372514016926289, 0.005875186994671822, 0.006377859506756067, 0.006880532018840313, 0.007383204996585846, 0.007885877974331379, 0.008388550020754337, 0.00889122299849987, 0.009393895976245403, 0.009896568953990936, 0.010399241000413895, 0.010901913978159428, 0.01140458695590496, 0.011907259933650494, 0.012409931980073452, 0.012912604957818985, 0.013415277935564518, 0.013917950913310051, 0.01442062295973301, 0.014923295937478542, 0.0154259679839015]}, "gradients/fc3.weight": {"_type": "histogram", "values": [2.0, 1.0, 0.0, 1.0, 0.0, 0.0, 1.0, 0.0, 0.0, 0.0, 0.0, 0.0, 1.0, 0.0, 1.0, 2.0, 1.0, 2.0, 1.0, 3.0, 3.0, 4.0, 2.0, 2.0, 3.0, 3.0, 5.0, 3.0, 1.0, 2.0, 6.0, 2.0, 36.0, 1102.0, 32.0, 10.0, 4.0, 3.0, 1.0, 6.0, 4.0, 3.0, 3.0, 1.0, 5.0, 2.0, 4.0, 0.0, 3.0, 2.0, 0.0, 1.0, 1.0, 0.0, 0.0, 0.0, 0.0, 1.0, 0.0, 0.0, 0.0, 1.0, 1.0, 2.0], "bins": [-0.33265233039855957, -0.32269003987312317, -0.31272777915000916, -0.30276548862457275, -0.29280319809913635, -0.28284090757369995, -0.27287864685058594, -0.26291635632514954, -0.25295406579971313, -0.24299179017543793, -0.23302949965000153, -0.22306722402572632, -0.21310493350028992, -0.2031426578760147, -0.1931803822517395, -0.1832180917263031, -0.1732558310031891, -0.16329355537891388, -0.15333126485347748, -0.14336898922920227, -0.13340669870376587, -0.12344442307949066, -0.11348214745521545, -0.10351986438035965, -0.09355758130550385, -0.08359529823064804, -0.07363301515579224, -0.06367073953151703, -0.053708456456661224, -0.04374617338180542, -0.033783894032239914, -0.023821614682674408, -0.013859361410140991, -0.003897080197930336, 0.006065201014280319, 0.016027482226490974, 0.02598976343870163, 0.035952046513557434, 0.04591432586312294, 0.055876605212688446, 0.06583888828754425, 0.07580117136240005, 0.08576345443725586, 0.09572573006153107, 0.10568801313638687, 0.11565029621124268, 0.12561257183551788, 0.1355748474597931, 0.1455371379852295, 0.1554994136095047, 0.1654617041349411, 0.1754239797592163, 0.1853862702846527, 0.19534854590892792, 0.20531082153320312, 0.21527311205863953, 0.22523538768291473, 0.23519766330718994, 0.24515995383262634, 0.25512224435806274, 0.26508450508117676, 0.27504679560661316, 0.28500908613204956, 0.2949713468551636, 0.3049336373806]}, "gradients/fc1.bias": {"_type": "histogram", "values": [1.0, 1.0, 2.0, 1.0, 0.0, 1.0, 1.0, 1.0, 1.0, 0.0, 0.0, 2.0, 1.0, 0.0, 1.0, 0.0, 2.0, 0.0, 0.0, 0.0, 1.0, 1.0, 0.0, 0.0, 1.0, 2.0, 3.0, 5.0, 6.0, 18.0, 35.0, 11.0, 5.0, 1.0, 0.0, 4.0, 3.0, 0.0, 1.0, 1.0, 0.0, 0.0, 2.0, 0.0, 1.0, 0.0, 0.0, 1.0, 1.0, 1.0, 1.0, 0.0, 1.0, 0.0, 0.0, 1.0, 2.0, 1.0, 1.0, 0.0, 0.0, 0.0, 1.0, 1.0], "bins": [-0.004791836719959974, -0.004633881617337465, -0.004475926980376244, -0.004317971877753735, -0.004160016775131226, -0.004002061672508717, -0.003844107035547495, -0.003686151932924986, -0.0035281970631331205, -0.003370242193341255, -0.003212287090718746, -0.003054332220926881, -0.0028963773511350155, -0.0027384222485125065, -0.002580467378720641, -0.002422512508928776, -0.002264557406306267, -0.0021066025365144014, -0.0019486474338918924, -0.001790692564100027, -0.00163273757789284, -0.0014747825916856527, -0.0013168277218937874, -0.0011588727356866002, -0.001000917749479413, -0.0008429627632722259, -0.0006850078352726996, -0.0005270529072731733, -0.00036909792106598616, -0.00021114293485879898, -5.318800685927272e-05, 0.00010476692114025354, 0.0002627219073474407, 0.00042067686445079744, 0.0005786318215541542, 0.0007365867495536804, 0.0008945417357608676, 0.0010524967219680548, 0.0012104515917599201, 0.0013684065779671073, 0.0015263615641742945, 0.0016843165503814816, 0.0018422715365886688, 0.002000226406380534, 0.0021581812761723995, 0.0023161363787949085, 0.002474091248586774, 0.0026320461183786392, 0.0027900012210011482, 0.0029479560907930136, 0.0031059111934155226, 0.003263866063207388, 0.003421821165829897, 0.0035797760356217623, 0.0037377309054136276, 0.0038956860080361366, 0.004053641110658646, 0.004211596213281155, 0.004369550850242376, 0.004527505952864885, 0.004685461055487394, 0.004843415692448616, 0.005001370795071125, 0.005159325897693634, 0.005317280534654856]}, "gradients/fc1.weight": {"_type": "histogram", "values": [2.0, 3.0, 6.0, 9.0, 9.0, 14.0, 12.0, 20.0, 14.0, 12.0, 17.0, 38.0, 54.0, 55.0, 59.0, 79.0, 93.0, 98.0, 114.0, 123.0, 179.0, 224.0, 236.0, 263.0, 341.0, 504.0, 696.0, 1099.0, 2101.0, 36504.0, 3440.0, 1173.0, 800.0, 555.0, 416.0, 317.0, 221.0, 216.0, 178.0, 142.0, 121.0, 104.0, 93.0, 76.0, 58.0, 57.0, 56.0, 43.0, 19.0, 24.0, 27.0, 19.0, 12.0, 10.0, 9.0, 8.0, 7.0, 5.0, 7.0, 2.0, 3.0, 2.0, 1.0, 1.0], "bins": [-0.055597350001335144, -0.05372370779514313, -0.05185006186366081, -0.049976419657468796, -0.04810277372598648, -0.046229131519794464, -0.04435548931360245, -0.04248184338212013, -0.040608201175928116, -0.0387345589697361, -0.036860913038253784, -0.03498727083206177, -0.03311362490057945, -0.031239982694387436, -0.02936633862555027, -0.027492694556713104, -0.02561905048787594, -0.023745406419038773, -0.021871762350201607, -0.01999811828136444, -0.018124476075172424, -0.01625083200633526, -0.014377187937498093, -0.012503544799983501, -0.010629900731146336, -0.00875625666230917, -0.0068826135247945786, -0.005008969455957413, -0.003135325852781534, -0.0012616822496056557, 0.0006119618192315102, 0.0024856049567461014, 0.004359249025583267, 0.006232892628759146, 0.008106536231935024, 0.00998018030077219, 0.011853823438286781, 0.013727467507123947, 0.015601111575961113, 0.01747475564479828, 0.019348397850990295, 0.02122204191982746, 0.023095685988664627, 0.024969328194856644, 0.02684297226369381, 0.028716616332530975, 0.03059026040136814, 0.03246390447020531, 0.03433755040168762, 0.03621119260787964, 0.038084838539361954, 0.03995848074555397, 0.041832126677036285, 0.0437057688832283, 0.04557941108942032, 0.047453057020902634, 0.04932669922709465, 0.05120034143328667, 0.05307398736476898, 0.054947629570961, 0.056821275502443314, 0.05869491770863533, 0.060568563640117645, 0.06244220584630966, 0.06431584805250168]}, "gradients/conv2.weight": {"_type": "histogram", "values": [2.0, 0.0, 0.0, 0.0, 2.0, 0.0, 1.0, 0.0, 1.0, 4.0, 4.0, 2.0, 7.0, 7.0, 9.0, 9.0, 12.0, 21.0, 26.0, 25.0, 34.0, 37.0, 60.0, 93.0, 108.0, 129.0, 158.0, 188.0, 237.0, 235.0, 164.0, 150.0, 113.0, 122.0, 76.0, 53.0, 52.0, 28.0, 36.0, 32.0, 18.0, 13.0, 8.0, 8.0, 3.0, 3.0, 5.0, 1.0, 0.0, 0.0, 1.0, 2.0, 1.0, 1.0, 0.0, 0.0, 0.0, 1.0, 0.0, 0.0, 0.0, 1.0, 0.0, 1.0],