{"gradients/fc3.bias": {"_type": "histogram", "values": [1.0, 0.0, 0.0, 0.0, 0.0, 0.0, 0.0, 0.0, 0.0, 0.0, 0.0, 0.0, 0.0, 0.0, 0.0, 0.0, 0.0, 0.0, 0.0, 0.0, 0.0, 0.0, 2.0, 0.0, 1.0, 0.0, 1.0, 1.0, 0.0, 0.0, 2.0, 0.0, 0.0, 0.0, 0.0, 0.0, 0.0, 0.0, 0.0, 0.0, 1.0, 0.0, 0.0, 0.0, 0.0, 0.0, 0.0, 0.0, 0.0, 0.0, 0.0, 0.0, 0.0, 0.0, 0.0, 0.0, 0.0, 0.0, 0.0, 0.0, 0.0, 0.0, 0.0, 1.0], "bins": [-0.024237602949142456, -0.023350128903985023, -0.02246265485882759, -0.02157518081367016, -0.020687706768512726, -0.019800232723355293, -0.01891275867819786, -0.018025284633040428, -0.017137810587882996, -0.016250336542725563, -0.01536286249756813, -0.014475388452410698, -0.013587914407253265, -0.012700440362095833, -0.0118129663169384, -0.010925492271780968, -0.010038018226623535, -0.009150544181466103, -0.00826307013630867, -0.0073755960911512375, -0.006488122045993805, -0.005600648000836372, -0.00471317395567894, -0.0038256999105215073, -0.0029382258653640747, -0.002050751820206642, -0.0011632777750492096, -0.00027580372989177704, 0.0006116703152656555, 0.001499144360423088, 0.0023866184055805206, 0.003274092450737953, 0.004161566495895386, 0.005049040541052818, 0.005936514586210251, 0.006823988631367683, 0.007711462676525116, 0.008598936721682549, 0.009486410766839981, 0.010373884811997414, 0.011261358857154846, 0.012148832902312279, 0.013036306947469711, 0.013923780992627144, 0.014811255037784576, 0.01569872908294201, 0.01658620312809944, 0.017473677173256874, 0.018361151218414307, 0.01924862526357174, 0.020136099308729172, 0.021023573353886604, 0.021911047399044037, 0.02279852144420147, 0.023685995489358902, 0.024573469534516335, 0.025460943579673767, 0.0263484176248312, 0.027235891669988632, 0.028123365715146065, 0.029010839760303497, 0.02989831380546093, 0.030785787850618362, 0.031673260033130646, 0.03256073594093323]}, "gradients/fc3.weight": {"_type": "histogram", "values": [1.0, 0.0, 0.0, 0.0, 1.0, 1.0, 2.0, 1.0, 1.0, 0.0, 0.0, 1.0, 0.0, 1.0, 2.0, 2.0, 1.0, 4.0, 4.0, 2.0, 6.0, 5.0, 6.0, 8.0, 14.0, 20.0, 35.0, 59.0, 120.0, 487.0, 204.0, 79.0, 52.0, 40.0, 28.0, 14.0, 22.0, 11.0, 6.0, 12.0, 2.0, 3.0, 2.0, 3.0, 4.0, 2.0, 1.0, 2.0, 0.0, 0.0, 1.0, 1.0, 0.0, 1.0, 1.0, 1.0, 1.0, 1.0, 0.0, 0.0, 0.0, 0.0, 0.0, 2.0], "bins": [-0.18774199485778809, -0.18141725659370422, -0.17509253323078156, -0.1687678098678589, -0.16244307160377502, -0.15611833333969116, -0.1497936099767685, -0.14346888661384583, -0.13714414834976196, -0.1308194100856781, -0.12449468672275543, -0.11816995590925217, -0.1118452250957489, -0.10552049428224564, -0.09919576346874237, -0.0928710326552391, -0.08654630184173584, -0.08022157102823257, -0.07389684021472931, -0.06757210940122604, -0.06124737858772278, -0.05492264777421951, -0.04859791696071625, -0.04227318614721298, -0.03594845533370972, -0.02962372452020645, -0.023298993706703186, -0.01697426289319992, -0.010649532079696655, -0.00432480126619339, 0.0019999295473098755, 0.008324660360813141, 0.014649376273155212, 0.020974107086658478, 0.027298837900161743, 0.03362356871366501, 0.039948299527168274, 0.04627303034067154, 0.052597761154174805, 0.05892249196767807, 0.06524722278118134, 0.0715719535946846, 0.07789668440818787, 0.08422141522169113, 0.0905461460351944, 0.09687087684869766, 0.10319560766220093, 0.1095203384757042, 0.11584506928920746, 0.12216980010271072, 0.128494530916214, 0.13481926918029785, 0.14114399254322052, 0.1474687159061432, 0.15379345417022705, 0.1601181924343109, 0.16644291579723358, 0.17276763916015625, 0.1790923774242401, 0.18541711568832397, 0.19174183905124664, 0.1980665624141693, 0.20439130067825317, 0.21071603894233704, 0.2170407623052597]}, "gradients/fc1.bias": {"_type": "histogram", "values": [2.0, 0.0, 0.0, 0.0, 0.0, 0.0, 1.0, 0.0, 0.0, 0.0, 1.0, 3.0, 0.0, 0.0, 1.0, 0.0, 1.0, 1.0, 2.0, 1.0, 6.0, 3.0, 5.0, 1.0, 7.0, 4.0, 6.0, 9.0, 3.0, 1.0, 13.0, 5.0, 5.0, 6.0, 1.0, 2.0, 1.0, 5.0, 0.0, 2.0, 7.0, 1.0, 1.0, 2.0, 1.0, 2.0, 1.0, 2.0, 2.0, 0.0, 4.0, 0.0, 0.0, 0.0, 0.0, 0.0, 0.0, 0.0, 0.0, 1.0, 2.0, 2.0, 0.0, 2.0], "bins": [-0.008413083851337433, -0.008140956051647663, -0.007868828251957893, -0.007596700452268124, -0.007324572652578354, -0.007052444852888584, -0.006780317053198814, -0.006508189253509045, -0.006236061453819275, -0.005963933654129505, -0.005691805854439735, -0.005419678054749966, -0.005147550255060196, -0.004875422455370426, -0.004603294655680656, -0.004331166855990887, -0.004059039521962404, -0.0037869117222726345, -0.0035147839225828648, -0.003242656122893095, -0.0029705283232033253, -0.0026984005235135555, -0.0024262729566544294, -0.0021541451569646597, -0.00188201735727489, -0.0016098895575851202, -0.0013377617578953505, -0.0010656340746209025, -0.0007935062749311328, -0.000521378475241363, -0.00024925079196691513, 2.2877007722854614e-05, 0.00029500480741262436, 0.0005671326071023941, 0.0008392603485845029, 0.0011113880900666118, 0.0013835158897563815, 0.0016556436894461513, 0.0019277713727205992, 0.002199899172410369, 0.0024720269721001387, 0.0027441547717899084, 0.003016282571479678, 0.0032884101383388042, 0.003560537938028574, 0.0038326657377183437, 0.0041047935374081135, 0.004376921337097883, 0.004649049136787653, 0.004921176936477423, 0.0051933047361671925, 0.005465432535856962, 0.005737560335546732, 0.006009688135236502, 0.006281815469264984, 0.006553943268954754, 0.006826071068644524, 0.007098198868334293, 0.007370326668024063, 0.007642454467713833, 0.007914582267403603, 0.008186710067093372, 0.008458837866783142, 0.008730965666472912, 0.009003093466162682]}, "gradients/fc1.weight": {"_type": "histogram", "values": [2.0, 0.0, 2.0, 1.0, 1.0, 0.0, 3.0, 1.0, 7.0, 7.0, 9.0, 6.0, 11.0, 12.0, 29.0, 30.0, 28.0, 57.0, 72.0, 66.0, 95.0, 150.0, 214.0, 268.0, 378.0, 572.0, 965.0, 1487.0, 2666.0, 5205.0, 11581.0, 14611.0, 4459.0, 2371.0, 1570.0, 1071.0, 722.0, 551.0, 423.0, 329.0, 209.0, 182.0, 150.0, 152.0, 110.0, 78.0, 66.0, 43.0, 33.0, 30.0, 23.0, 22.0, 19.0, 13.0, 14.0, 4.0, 2.0, 5.0, 0.0, 5.0, 3.0, 1.0, 1.0, 3.0], "bins": [-0.045971352607011795, -0.04449129477143288, -0.04301123321056366, -0.04153117537498474, -0.04005111753940582, -0.038571055978536606, -0.03709099814295769, -0.03561093658208847, -0.03413087874650955, -0.032650820910930634, -0.031170759350061417, -0.029690701514482498, -0.02821064181625843, -0.026730582118034363, -0.025250524282455444, -0.023770464584231377, -0.02229040488600731, -0.02081034518778324, -0.019330285489559174, -0.017850227653980255, -0.016370167955756187, -0.01489010825753212, -0.013410049490630627, -0.011929990723729134, -0.010449931025505066, -0.008969871327280998, -0.007489812560379505, -0.006009753327816725, -0.004529694095253944, -0.003049634862691164, -0.0015695756301283836, -8.951686322689056e-05, 0.0013905428349971771, 0.0028706020675599575, 0.004350661300122738, 0.005830720532685518, 0.007310779765248299, 0.008790839463472366, 0.01027089823037386, 0.011750956997275352, 0.01323101669549942, 0.014711076393723488, 0.016191136091947556, 0.017671193927526474, 0.01915125362575054, 0.02063131332397461, 0.022111371159553528, 0.023591430857777596, 0.025071490556001663, 0.02655155025422573, 0.0280316099524498, 0.029511667788028717, 0.030991727486252785, 0.03247178718447685, 0.03395184502005577, 0.03543190658092499, 0.036911964416503906, 0.038392022252082825, 0.03987208381295204, 0.04135214164853096, 0.04283220320940018, 0.044312261044979095, 0.045792318880558014, 0.04727237671613693, 0.04875243827700615]}, "gradients/conv2.weight": {"_type": "histogram", "values": [1.0, 0.0, 1.0, 1.0, 5.0, 1.0, 3.0, 2.0, 5.0, 2.0, 14.0, 4.0, 8.0, 19.0, 18.0, 16.0, 22.0, 40.0, 38.0, 43.0, 56.0, 63.0, 72.0, 87.0, 85.0, 90.0, 93.0, 94.0, 92.0, 86.0, 115.0, 123.0, 99.0, 98.0, 95.0, 83.0, 79.0, 75.0, 54.0, 57.0, 50.0, 55.0, 36.0, 38.0, 36.0, 31.0, 12.0, 13.0, 15.0, 7.0, 10.0, 9.0, 6.0, 1.0, 7.0, 8.0, 6.0, 9.0, 4.0, 3.0, 5.0, 1.0, 2.0, 1.0],