{"gradients/fc3.bias": {"_type": "histogram", "values": [1.0, 0.0, 0.0, 0.0, 0.0, 0.0, 0.0, 0.0, 0.0, 0.0, 0.0, 1.0, 0.0, 0.0, 0.0, 0.0, 0.0, 0.0, 0.0, 0.0, 0.0, 0.0, 0.0, 0.0, 0.0, 0.0, 0.0, 0.0, 0.0, 0.0, 0.0, 0.0, 0.0, 0.0, 0.0, 0.0, 0.0, 0.0, 0.0, 0.0, 0.0, 1.0, 1.0, 4.0, 0.0, 0.0, 0.0, 0.0, 0.0, 1.0, 0.0, 0.0, 0.0, 0.0, 0.0, 0.0, 0.0, 0.0, 0.0, 0.0, 0.0, 0.0, 0.0, 1.0], "bins": [-0.004796384833753109, -0.00468438072130084, -0.0045723761431872845, -0.004460372030735016, -0.00434836745262146, -0.004236363340169191, -0.004124359227716923, -0.004012354649603367, -0.0039003505371510983, -0.003788346191868186, -0.0036763418465852737, -0.003564337734133005, -0.003452333388850093, -0.0033403290435671806, -0.0032283246982842684, -0.003116320353001356, -0.003004316007718444, -0.0028923116624355316, -0.0027803073171526194, -0.002668302971869707, -0.0025562988594174385, -0.0024442945141345263, -0.002332290168851614, -0.0022202858235687017, -0.0021082814782857895, -0.0019962771330028772, -0.0018842729041352868, -0.0017722685588523746, -0.0016602643299847841, -0.0015482599847018719, -0.0014362556394189596, -0.0013242512941360474, -0.0012122474145144224, -0.0011002430692315102, -0.0009882388403639197, -0.0008762344950810075, -0.0007642302080057561, -0.0006522259209305048, -0.0005402215756475925, -0.0004282172885723412, -0.00031621300149708986, -0.0002042086998699233, -9.220439824275672e-05, 1.9799917936325073e-05, 0.00013180420501157641, 0.00024380849208682775, 0.00035581283736974, 0.00046781712444499135, 0.0005798214115202427, 0.000691825698595494, 0.0008038299856707454, 0.0009158343309536576, 0.001027838559821248, 0.0011398429051041603, 0.0012518472503870726, 0.0013638515956699848, 0.0014758558245375752, 0.0015878601698204875, 0.001699864398688078, 0.0018118687439709902, 0.0019238730892539024, 0.002035877201706171, 0.002147881779819727, 0.0022598858922719955, 0.002371890237554908]}, "gradients/fc3.weight": {"_type": "histogram", "values": [1.0, 0.0, 0.0, 0.0, 1.0, 0.0, 0.0, 1.0, 1.0, 1.0, 3.0, 1.0, 1.0, 2.0, 2.0, 5.0, 1.0, 2.0, 3.0, 0.0, 4.0, 4.0, 3.0, 3.0, 4.0, 5.0, 3.0, 4.0, 4.0, 9.0, 6.0, 9.0, 6.0, 5.0, 5.0, 8.0, 10.0, 6.0, 27.0, 739.0, 284.0, 14.0, 21.0, 13.0, 9.0, 7.0, 10.0, 10.0, 1.0, 5.0, 2.0, 2.0, 2.0, 1.0, 3.0, 0.0, 2.0, 1.0, 0.0, 1.0, 1.0, 0.0, 1.0, 1.0], "bins": [-0.04359252005815506, -0.04249925911426544, -0.04140600189566612, -0.040312740951776505, -0.039219483733177185, -0.03812622278928757, -0.03703296557068825, -0.03593970462679863, -0.03484644740819931, -0.03375318646430969, -0.03265992924571037, -0.031566668301820755, -0.030473411083221436, -0.029380150139331818, -0.02828689105808735, -0.02719363197684288, -0.026100371032953262, -0.025007111951708794, -0.023913852870464325, -0.022820593789219856, -0.021727334707975388, -0.02063407376408577, -0.0195408146828413, -0.018447555601596832, -0.017354296520352364, -0.016261037439107895, -0.015167778357863426, -0.014074518345296383, -0.012981259264051914, -0.011888000182807446, -0.010794740170240402, -0.009701481088995934, -0.008608225733041763, -0.007514966651797295, -0.006421707104891539, -0.005328447557985783, -0.004235188476741314, -0.0031419293954968452, -0.0020486698485910892, -0.0009554103016853333, 0.00013784877955913544, 0.0012311080936342478, 0.00232436740770936, 0.0034176267217844725, 0.004510886035859585, 0.0056041451171040535, 0.0066974046640098095, 0.0077906642109155655, 0.008883923292160034, 0.009977182373404503, 0.011070441454648972, 0.012163701467216015, 0.013256960548460484, 0.014350219629704952, 0.015443479642271996, 0.016536738723516464, 0.017629997804760933, 0.0187232568860054, 0.01981651596724987, 0.02090977504849434, 0.022003035992383957, 0.023096293210983276, 0.024189554154872894, 0.025282813236117363, 0.02637607231736183]}, "gradients/fc1.bias": {"_type": "histogram", "values": [1.0, 2.0, 0.0, 1.0, 2.0, 1.0, 1.0, 0.0, 1.0, 1.0, 2.0, 4.0, 1.0, 3.0, 3.0, 3.0, 1.0, 5.0, 0.0, 2.0, 6.0, 4.0, 2.0, 4.0, 25.0, 14.0, 5.0, 1.0, 1.0, 1.0, 3.0, 2.0, 3.0, 2.0, 0.0, 0.0, 1.0, 2.0, 0.0, 1.0, 0.0, 3.0, 2.0, 2.0, 1.0, 0.0, 0.0, 2.0, 2.0, 3.0, 0.0, 0.0, 0.0, 1.0, 0.0, 0.0, 0.0, 0.0, 0.0, 0.0, 0.0, 0.0, 0.0, 1.0], "bins": [-0.0010786247439682484, -0.0010356530547142029, -0.0009926812490448356, -0.0009497095597907901, -0.0009067378705367446, -0.0008637661230750382, -0.0008207943756133318, -0.0007778226863592863, -0.0007348509388975799, -0.0006918791914358735, -0.000648907502181828, -0.0006059357547201216, -0.0005629640072584152, -0.0005199923180043697, -0.00047702057054266334, -0.0004340488521847874, -0.00039107713382691145, -0.0003481054154690355, -0.00030513369711115956, -0.00026216194964945316, -0.00021919023129157722, -0.00017621851293370128, -0.00013324676547199488, -9.027504711411893e-05, -4.730332875624299e-05, -4.331603122409433e-06, 3.8640122511424124e-05, 8.16118554212153e-05, 0.00012458357377909124, 0.00016755529213696718, 0.00021052703959867358, 0.0002534987579565495, 0.00029647047631442547, 0.0003394421946723014, 0.00038241391303017735, 0.00042538566049188375, 0.0004683573788497597, 0.0005113290972076356, 0.000554300844669342, 0.0005972725339233875, 0.0006402442813850939, 0.0006832160288468003, 0.0007261877181008458, 0.0007691594655625522, 0.0008121312130242586, 0.0008551029022783041, 0.0008980746497400105, 0.0009410463972017169, 0.0009840180864557624, 0.0010269897757098079, 0.0010699615813791752, 0.0011129332706332207, 0.0011559049598872662, 0.0011988766491413116, 0.001241848454810679, 0.0012848201440647244, 0.0013277919497340918, 0.0013707636389881372, 0.0014137354446575046, 0.00145670713391155, 0.0014996788231655955, 0.0015426506288349628, 0.0015856223180890083, 0.0016285940073430538, 0.0016715656965970993]}, "gradients/fc1.weight": {"_type": "histogram", "values": [1.0, 1.0, 0.0, 3.0, 3.0, 7.0, 2.0, 10.0, 7.0, 12.0, 19.0, 23.0, 36.0, 40.0, 55.0, 66.0, 73.0, 122.0, 117.0, 193.0, 258.0, 319.0, 434.0, 622.0, 979.0, 1346.0, 2112.0, 4855.0, 31895.0, 2333.0, 1201.0, 877.0, 675.0, 524.0, 380.0, 312.0, 233.0, 182.0, 156.0, 150.0, 89.0, 108.0, 66.0, 61.0, 53.0, 39.0, 27.0, 22.0, 20.0, 11.0, 11.0, 14.0, 17.0, 11.0, 6.0, 2.0, 4.0, 1.0, 1.0, 2.0, 0.0, 1.0, 0.0, 1.0], "bins": [-0.01047523133456707, -0.01010582409799099, -0.009736415930092335, -0.009367008693516254, -0.008997601456940174, -0.00862819328904152, -0.008258786052465439, -0.007889378815889359, -0.007519971113651991, -0.007150563411414623, -0.006781156174838543, -0.006411748472601175, -0.006042340770363808, -0.005672933533787727, -0.00530352583155036, -0.004934118129312992, -0.004564710892736912, -0.004195303190499544, -0.003825895953923464, -0.003456488251686096, -0.003087080782279372, -0.0027176733128726482, -0.0023482656106352806, -0.0019788581412285566, -0.0016094506718218327, -0.0012400432024151087, -0.0008706356165930629, -0.0005012280307710171, -0.0001318205613642931, 0.00023758690804243088, 0.0006069946102797985, 0.0009764020796865225, 0.0013458095490932465, 0.0017152170184999704, 0.0020846244879066944, 0.002454032190144062, 0.002823439659550786, 0.00319284712895751, 0.0035622548311948776, 0.003931662067770958, 0.004301069770008326, 0.004670477472245693, 0.0050398847088217735, 0.005409292411059141, 0.005778700113296509, 0.006148107349872589, 0.006517515052109957, 0.006886922754347324, 0.007256329990923405, 0.007625737693160772, 0.00799514539539814, 0.00836455263197422, 0.0087339598685503, 0.009103367105126381, 0.009472775273025036, 0.009842182509601116, 0.010211590677499771, 0.010580997914075851, 0.010950406081974506, 0.011319813318550587, 0.011689220555126667, 0.012058628723025322, 0.012428035959601402, 0.012797443196177483, 0.013166850432753563]}, "gradients/conv2.weight": {"_type": "histogram",