{"gradients/fc3.bias": {"_type": "histogram", "values": [1.0, 0.0, 0.0, 0.0, 0.0, 0.0, 0.0, 0.0, 0.0, 0.0, 0.0, 1.0, 0.0, 0.0, 0.0, 0.0, 0.0, 0.0, 0.0, 0.0, 0.0, 0.0, 0.0, 0.0, 0.0, 0.0, 0.0, 1.0, 1.0, 0.0, 0.0, 1.0, 0.0, 1.0, 0.0, 0.0, 0.0, 0.0, 0.0, 0.0, 0.0, 0.0, 1.0, 0.0, 0.0, 0.0, 0.0, 0.0, 0.0, 0.0, 0.0, 0.0, 0.0, 0.0, 0.0, 0.0, 0.0, 0.0, 0.0, 0.0, 1.0, 1.0, 0.0, 1.0], "bins": [-0.01852763257920742, -0.018021071329712868, -0.017514510080218315, -0.017007948830723763, -0.01650138944387436, -0.015994828194379807, -0.015488266944885254, -0.014981705695390701, -0.014475144445896149, -0.013968583196401596, -0.013462021946907043, -0.012955461628735065, -0.012448900379240513, -0.01194233912974596, -0.011435778811573982, -0.01092921756207943, -0.010422656312584877, -0.009916095063090324, -0.009409533813595772, -0.008902973495423794, -0.008396412245929241, -0.007889850996434689, -0.007383290212601423, -0.006876729428768158, -0.006370168179273605, -0.005863606929779053, -0.005357046145945787, -0.004850485362112522, -0.0043439241126179695, -0.0038373630959540606, -0.0033308020792901516, -0.0028242410626262426, -0.002317679114639759, -0.00181111809797585, -0.0013045570813119411, -0.0007979960646480322, -0.00029143504798412323, 0.00021512596867978573, 0.0007216869853436947, 0.0012282480020076036, 0.0017348090186715126, 0.0022413700353354216, 0.0027479310519993305, 0.0032544920686632395, 0.0037610530853271484, 0.004267614334821701, 0.004774175118654966, 0.005280735902488232, 0.005787297151982784, 0.006293858401477337, 0.006800419185310602, 0.0073069799691438675, 0.00781354121863842, 0.008320102468132973, 0.008826663717627525, 0.009333224035799503, 0.009839785285294056, 0.010346346534788609, 0.010852906852960587, 0.01135946810245514, 0.011866029351949692, 0.012372590601444244, 0.012879151850938797, 0.013385712169110775, 0.013892273418605328]}, "gradients/fc3.weight": {"_type": "histogram", "values": [1.0, 0.0, 0.0, 0.0, 0.0, 0.0, 1.0, 0.0, 0.0, 2.0, 1.0, 0.0, 0.0, 1.0, 0.0, 4.0, 2.0, 2.0, 2.0, 2.0, 1.0, 5.0, 3.0, 5.0, 1.0, 2.0, 8.0, 5.0, 14.0, 10.0, 8.0, 2.0, 13.0, 15.0, 18.0, 28.0, 29.0, 40.0, 52.0, 42.0, 46.0, 122.0, 276.0, 114.0, 90.0, 67.0, 42.0, 31.0, 33.0, 14.0, 32.0, 15.0, 15.0, 15.0, 11.0, 8.0, 9.0, 3.0, 7.0, 2.0, 3.0, 2.0, 2.0, 2.0], "bins": [-0.1490088850259781, -0.14546926319599152, -0.14192965626716614, -0.13839003443717957, -0.1348504275083542, -0.13131080567836761, -0.12777119874954224, -0.12423157691955566, -0.12069195508956909, -0.11715234071016312, -0.11361272633075714, -0.11007310450077057, -0.1065334901213646, -0.10299387574195862, -0.09945426136255264, -0.09591464698314667, -0.09237503260374069, -0.08883541822433472, -0.08529580384492874, -0.08175618946552277, -0.0782165676355362, -0.07467695325613022, -0.07113733887672424, -0.06759772449731827, -0.06405811011791229, -0.06051849573850632, -0.05697887763381004, -0.05343926325440407, -0.049899645149707794, -0.04636003077030182, -0.042820416390895844, -0.03928080201148987, -0.035741180181503296, -0.03220156580209732, -0.028661947697401047, -0.02512233331799507, -0.021582717075943947, -0.018043100833892822, -0.014503486454486847, -0.010963870212435722, -0.007424253970384598, -0.0038846381939947605, -0.00034502241760492325, 0.0031945928931236267, 0.006734209135174751, 0.010273825377225876, 0.013813439756631851, 0.017353055998682976, 0.0208926722407341, 0.024432288482785225, 0.02797190472483635, 0.031511519104242325, 0.0350511372089386, 0.038590751588344574, 0.04213036596775055, 0.045669980347156525, 0.0492095984518528, 0.052749212831258774, 0.05628883093595505, 0.05982844531536102, 0.063368059694767, 0.06690767407417297, 0.07044729590415955, 0.07398691028356552, 0.0775265246629715]}, "gradients/fc1.bias": {"_type": "histogram", "values": [1.0, 0.0, 0.0, 0.0, 0.0, 1.0, 3.0, 2.0, 1.0, 2.0, 0.0, 0.0, 2.0, 0.0, 6.0, 1.0, 1.0, 7.0, 4.0, 3.0, 0.0, 3.0, 3.0, 1.0, 3.0, 2.0, 1.0, 1.0, 2.0, 4.0, 7.0, 9.0, 4.0, 1.0, 4.0, 2.0, 3.0, 3.0, 2.0, 3.0, 1.0, 4.0, 0.0, 1.0, 3.0, 2.0, 4.0, 3.0, 2.0, 6.0, 0.0, 0.0, 1.0, 0.0, 1.0, 1.0, 0.0, 1.0, 0.0, 1.0, 1.0, 1.0, 1.0, 2.0], "bins": [-0.004647082183510065, -0.004498507361859083, -0.004349932540208101, -0.004201357252895832, -0.00405278243124485, -0.0039042076095938683, -0.0037556327879428864, -0.0036070579662919044, -0.003458482911810279, -0.003309908090159297, -0.0031613330356776714, -0.0030127582140266895, -0.0028641833923757076, -0.002715608337894082, -0.0025670335162431, -0.0024184584617614746, -0.0022698836401104927, -0.002121308818459511, -0.0019727337639778852, -0.0018241589423269033, -0.0016755840042605996, -0.0015270090661942959, -0.001378434244543314, -0.0012298593064770103, -0.0010812843684107065, -0.0009327094303444028, -0.00078413455048576, -0.0006355596706271172, -0.0004869847325608134, -0.0003384097944945097, -0.00018983491463586688, -4.1260034777224064e-05, 0.00010731443762779236, 0.00025588934659026563, 0.0004044642555527389, 0.0005530391354113817, 0.0007016140734776855, 0.0008501890115439892, 0.000998763833194971, 0.0011473387712612748, 0.0012959137093275785, 0.0014444886473938823, 0.001593063585460186, 0.001741638407111168, 0.0018902133451774716, 0.0020387882832437754, 0.0021873631048947573, 0.002335938159376383, 0.0024845129810273647, 0.0026330878026783466, 0.002781662857159972, 0.002930237678810954, 0.0030788127332925797, 0.0032273875549435616, 0.0033759623765945435, 0.0035245371982455254, 0.003673112252727151, 0.003821687074378133, 0.003970262128859758, 0.00411883695051074, 0.004267411772161722, 0.004415987059473991, 0.004564561881124973, 0.004713136702775955, 0.004861711524426937]}, "gradients/fc1.weight": {"_type": "histogram", "values": [2.0, 2.0, 4.0, 6.0, 8.0, 20.0, 25.0, 37.0, 48.0, 70.0, 95.0, 107.0, 158.0, 186.0, 248.0, 355.0, 469.0, 593.0, 771.0, 927.0, 1210.0, 1498.0, 1812.0, 2278.0, 2806.0, 3603.0, 4822.0, 8092.0, 4291.0, 3129.0, 2613.0, 1998.0, 1670.0, 1362.0, 1095.0, 820.0, 728.0, 618.0, 491.0, 443.0, 374.0, 292.0, 238.0, 191.0, 162.0, 115.0, 71.0, 56.0, 42.0, 32.0, 26.0, 21.0, 14.0, 22.0, 7.0, 8.0, 8.0, 6.0, 1.0, 2.0, 0.0, 0.0, 0.0, 2.0], "bins": [-0.02010558545589447, -0.019374964758753777, -0.018644344061613083, -0.01791372336447239, -0.017183102667331696, -0.016452481970191002, -0.015721861273050308, -0.01499124150723219, -0.014260620810091496, -0.013530000112950802, -0.012799379415810108, -0.01206875964999199, -0.011338138952851295, -0.010607518255710602, -0.009876897558569908, -0.009146276861429214, -0.00841565616428852, -0.007685035467147827, -0.0069544147700071335, -0.006223794538527727, -0.0054931738413870335, -0.00476255314424634, -0.0040319329127669334, -0.0033013122156262398, -0.002570691518485546, -0.0018400709377601743, -0.0011094503570348024, -0.0003788298927247524, 0.00035179080441594124, 0.001082411501556635, 0.0018130317330360413, 0.002543652430176735, 0.003274274989962578, 0.0040048956871032715, 0.004735516384243965, 0.0054661366157233715, 0.006196757312864065, 0.006927378010004759, 0.007657998241484165, 0.008388618938624859, 0.009119239635765553, 0.009849860332906246, 0.01058048103004694, 0.011311100795865059, 0.012041721493005753, 0.012772342190146446, 0.01350296288728714, 0.014233583584427834, 0.014964204281568527, 0.01569482497870922, 0.016425445675849915, 0.017156066372990608, 0.017886687070131302, 0.018617307767271996, 0.01934792846441269, 0.020078547298908234, 0.020809169858694077, 0.02153979055583477, 0.022270411252975464, 0.023001031950116158, 0.02373165264725685, 0.024462273344397545, 0.02519289404153824, 0.025923512876033783, 0.026654133573174477]}, "gradients/conv2.weight": {"_type": "histogram", "values": [3.0, 0.0, 0.0, 2.0, 2.0, 0.0, 1.0, 1.0, 0.0, 8.0, 7.0, 6.0, 8.0, 2.0, 6.0, 12.0, 18.0, 22.0, 18.0, 15.0, 34.0, 46.0, 49.0, 59.0, 61.0, 96.0, 84.0, 122.0, 137.0, 154.0, 160.0, 163.0, 155.0, 155.0, 91.0, 91.0, 83.0, 61.0, 70.0, 49.0, 40.0, 38.0, 34.0, 33.0, 16.0, 20.0, 14.0, 9.0, 8.0, 11.0, 10.0, 5.0, 5.0, 0.0, 2.0, 1.0, 3.0, 1.0, 1.0, 1.0, 0.0, 0.0, 0.0, 1.0],