{"gradients/fc3.bias": {"_type": "histogram", "values": [1.0, 0.0, 0.0, 0.0, 0.0, 0.0, 0.0, 0.0, 0.0, 0.0, 0.0, 0.0, 0.0, 0.0, 0.0, 0.0, 0.0, 0.0, 0.0, 0.0, 0.0, 0.0, 0.0, 1.0, 0.0, 0.0, 0.0, 0.0, 0.0, 1.0, 0.0, 0.0, 0.0, 0.0, 0.0, 0.0, 0.0, 0.0, 0.0, 0.0, 0.0, 0.0, 0.0, 0.0, 0.0, 1.0, 0.0, 0.0, 0.0, 1.0, 0.0, 0.0, 0.0, 1.0, 0.0, 0.0, 0.0, 0.0, 2.0, 0.0, 0.0, 0.0, 0.0, 2.0], "bins": [-0.01607075333595276, -0.015710776671767235, -0.015350799076259136, -0.014990822412073612, -0.014630845747888088, -0.014270869083702564, -0.013910891488194466, -0.013550914824008942, -0.013190938159823418, -0.012830961495637894, -0.012470983900129795, -0.012111007235944271, -0.011751030571758747, -0.011391053907573223, -0.011031076312065125, -0.0106710996478796, -0.010311122983694077, -0.009951146319508553, -0.009591168724000454, -0.00923119205981493, -0.008871215395629406, -0.008511238731443882, -0.008151261135935783, -0.007791284471750259, -0.007431306876242161, -0.0070713297463953495, -0.0067113530822098255, -0.006351375952363014, -0.00599139928817749, -0.005631422158330679, -0.005271445028483868, -0.004911468364298344, -0.004551492165774107, -0.004191515035927296, -0.0038315383717417717, -0.0034715612418949604, -0.0031115845777094364, -0.002751607447862625, -0.0023916305508464575, -0.00203165365383029, -0.0016716767568141222, -0.0013116998597979546, -0.000951722904574126, -0.0005917459493502975, -0.0002317690523341298, 0.00012820784468203783, 0.0004881848581135273, 0.0008481617551296949, 0.0012081386521458626, 0.0015681155491620302, 0.0019280924461781979, 0.002288069576025009, 0.002648046240210533, 0.0030080233700573444, 0.003368000267073512, 0.0037279771640896797, 0.004087953828275204, 0.004447930958122015, 0.004807907622307539, 0.00516788475215435, 0.005527861416339874, 0.0058878385461866856, 0.006247815676033497, 0.006607792340219021, 0.006967769470065832]}, "gradients/fc3.weight": {"_type": "histogram", "values": [1.0, 1.0, 1.0, 2.0, 0.0, 1.0, 3.0, 2.0, 1.0, 0.0, 2.0, 2.0, 3.0, 3.0, 3.0, 5.0, 8.0, 10.0, 6.0, 8.0, 7.0, 7.0, 13.0, 17.0, 20.0, 15.0, 24.0, 23.0, 34.0, 23.0, 42.0, 34.0, 61.0, 153.0, 244.0, 96.0, 49.0, 49.0, 45.0, 32.0, 36.0, 24.0, 20.0, 17.0, 22.0, 15.0, 18.0, 12.0, 16.0, 7.0, 11.0, 5.0, 5.0, 4.0, 6.0, 2.0, 2.0, 2.0, 0.0, 2.0, 2.0, 0.0, 1.0, 1.0], "bins": [-0.06959310919046402, -0.0675470307469368, -0.06550095975399017, -0.06345488131046295, -0.06140881031751633, -0.059362731873989105, -0.05731665715575218, -0.05527058243751526, -0.053224507719278336, -0.05117843300104141, -0.04913235828280449, -0.047086283564567566, -0.045040205121040344, -0.04299413412809372, -0.0409480556845665, -0.038901980966329575, -0.03685590624809265, -0.03480983152985573, -0.032763756811618805, -0.030717680230736732, -0.02867160551249981, -0.026625530794262886, -0.024579454213380814, -0.02253337949514389, -0.020487304776906967, -0.018441230058670044, -0.01639515534043312, -0.014349078759551048, -0.012303004041314125, -0.010256929323077202, -0.008210853673517704, -0.006164778023958206, -0.00411871075630188, -0.0020726355724036694, -2.6560388505458832e-05, 0.0020195147953927517, 0.004065589979290962, 0.0061116646975278854, 0.008157740347087383, 0.010203815996646881, 0.012249890714883804, 0.014295965433120728, 0.01634204015135765, 0.018388116732239723, 0.020434191450476646, 0.02248026616871357, 0.024526342749595642, 0.026572417467832565, 0.02861849218606949, 0.030664566904306412, 0.032710641622543335, 0.03475671634078026, 0.03680279105901718, 0.0388488695025444, 0.040894944220781326, 0.04294101893901825, 0.04498709365725517, 0.047033168375492096, 0.04907924309372902, 0.05112531781196594, 0.053171396255493164, 0.05521746724843979, 0.05726354569196701, 0.059309620410203934, 0.06135569512844086]}, "gradients/fc1.bias": {"_type": "histogram", "values": [1.0, 0.0, 0.0, 0.0, 0.0, 0.0, 0.0, 2.0, 1.0, 0.0, 0.0, 1.0, 1.0, 2.0, 1.0, 4.0, 1.0, 1.0, 5.0, 1.0, 2.0, 4.0, 0.0, 3.0, 3.0, 4.0, 0.0, 6.0, 0.0, 6.0, 0.0, 3.0, 5.0, 2.0, 5.0, 15.0, 2.0, 3.0, 1.0, 6.0, 4.0, 2.0, 5.0, 3.0, 1.0, 1.0, 3.0, 2.0, 1.0, 1.0, 0.0, 1.0, 1.0, 3.0, 1.0, 2.0, 0.0, 1.0, 1.0, 1.0, 0.0, 1.0, 1.0, 1.0], "bins": [-0.0036915431264787912, -0.0035871961154043674, -0.0034828493371605873, -0.0033785023260861635, -0.0032741553150117397, -0.0031698085367679596, -0.003065461525693536, -0.002961114514619112, -0.002856767736375332, -0.002752420725300908, -0.002648073947057128, -0.002543726935982704, -0.0024393799249082804, -0.0023350329138338566, -0.0022306861355900764, -0.0021263391245156527, -0.002021992113441229, -0.001917645218782127, -0.0018132982077077031, -0.0017089513130486012, -0.0016046043019741774, -0.0015002574073150754, -0.0013959105126559734, -0.0012915635015815496, -0.0011872166069224477, -0.0010828697122633457, -0.000978522701188922, -0.00087417580652982, -0.0007698288536630571, -0.0006654819007962942, -0.0005611350061371922, -0.00045678805327042937, -0.00035244133323431015, -0.0002480943803675473, -0.00014374745660461485, -3.9400532841682434e-05, 6.494642002508044e-05, 0.00016929337289184332, 0.0002736402675509453, 0.00037798722041770816, 0.00048233417328447104, 0.0005866811261512339, 0.0006910280790179968, 0.0007953749736770988, 0.0008997219265438616, 0.0010040688794106245, 0.0011084157740697265, 0.0012127626687288284, 0.0013171096798032522, 0.0014214565744623542, 0.001525803585536778, 0.00163015048019588, 0.0017344974912703037, 0.0018388443859294057, 0.0019431912805885077, 0.0020475382916629314, 0.0021518850699067116, 0.0022562320809811354, 0.0023605788592249155, 0.0024649258702993393, 0.002569272881373763, 0.002673619892448187, 0.002777966670691967, 0.002882313681766391, 0.0029866606928408146]}, "gradients/fc1.weight": {"_type": "histogram", "values": [1.0, 1.0, 1.0, 2.0, 2.0, 2.0, 3.0, 11.0, 13.0, 11.0, 17.0, 37.0, 42.0, 61.0, 80.0, 96.0, 143.0, 211.0, 294.0, 354.0, 465.0, 569.0, 683.0, 874.0, 1096.0, 1322.0, 1576.0, 1926.0, 2370.0, 2971.0, 3518.0, 4281.0, 9364.0, 3713.0, 3046.0, 2473.0, 1855.0, 1599.0, 1299.0, 1011.0, 879.0, 716.0, 531.0, 442.0, 292.0, 246.0, 187.0, 149.0, 109.0, 65.0, 62.0, 50.0, 30.0, 25.0, 6.0, 15.0, 1.0, 0.0, 1.0, 0.0, 0.0, 0.0, 0.0, 1.0], "bins": [-0.017031628638505936, -0.01650896668434143, -0.015986306592822075, -0.01546364463865757, -0.01494098361581564, -0.014418322592973709, -0.013895660638809204, -0.013372999615967274, -0.012850338593125343, -0.012327677570283413, -0.011805016547441483, -0.011282354593276978, -0.010759693570435047, -0.010237032547593117, -0.009714370593428612, -0.009191709570586681, -0.008669048547744751, -0.00814638752490282, -0.007623726036399603, -0.007101064547896385, -0.006578403525054455, -0.006055742502212524, -0.005533081013709307, -0.005010419525206089, -0.004487758502364159, -0.003965097479522228, -0.0034424359910190105, -0.0029197747353464365, -0.0023971134796738625, -0.0018744522240012884, -0.0013517909683287144, -0.0008291297126561403, -0.00030646659433841705, 0.000216194661334157, 0.000738855917006731, 0.001261517172679305, 0.0017841784283518791, 0.002306839684024453, 0.002829500939697027, 0.0033521621953696012, 0.0038748234510421753, 0.004397484473884106, 0.004920145962387323, 0.005442807450890541, 0.0059654684737324715, 0.006488129496574402, 0.0070107909850776196, 0.007533452473580837, 0.008056113496422768, 0.008578774519264698, 0.009101435542106628, 0.009624097496271133, 0.010146758519113064, 0.010669419541954994, 0.0111920814961195, 0.01171474251896143, 0.01223740354180336, 0.01276006456464529, 0.01328272558748722, 0.013805387541651726, 0.014328048564493656, 0.014850709587335587, 0.015373371541500092, 0.015896031633019447, 0.016418693587183952]}, "gradients/conv2.weight": {"_type": "histogram",